Class	Image	Rank	Task	Number	Area	Location
ACN	little-ladybug.png	1	Little Ladybug	3	Middle La Noscea	Zephyr Drift (x22, y24)
ACN	wharf-rat.png	2	Wharf Rat	3	Middle La Noscea	Zephyr Drift (x21, y23)
ACN	lost-lamb.png	3	Lost Lamb	3	Middle La Noscea	Zephyr Drift (x23, y24)
ACN	wind-sprite.png	4	Wind Sprite	3	Lower La Noscea	Cedarwood (x28, y20)
ACN	puk-hatchling.png	5	Puk Hatchling	3	Middle La Noscea	Summerford (x20, y19)
ACN	nesting-buzzard.png	6	Nesting Buzzard	3	Lower La Noscea	Cedarwood (x31, y16)
ACN	bogy.png	7	Bogy	3	Middle La Noscea	Summerford (x20, y19)
ACN	cave-bat.png	8.1	Cave Bat	3	Lower La Noscea	Cedarwood (x25, y15)
ACN	galago.png	8.2	Galago	3	Lower La Noscea	Cedarwood (x29, y14)
ACN	grounded-pirate.png	9	Grounded Pirate	3	Middle La Noscea	Summerford (x20, y16)
ACN	lightning-sprite.png	10	Lightning Sprite	3	Lower La Noscea	The God's Grip (x20, y32)
ACN	sewer-mole.png	11	Sewer Mole	3	Western La Noscea	Quarterstone (x33, y28)
ACN	mossless-goobbue.png	12	Mossless Goobbue	3	Middle La Noscea	(x21, y23)
ACN	fat-dodo.png	13	Fat Dodo	3	Western La Noscea	Quarterstone (x32, y27)
ACN	arbor-buzzard.png	14	Arbor Buzzard	3	Western La Noscea	Quarterstone (x30, y29)
ACN	qiqirn-eggdigger.png	15	Qiqirn Eggdigger	3	Lower La Noscea	God's Grip (x18, y35)
ACN	dusk-bat.png	16	Dusk Bat	3	Western La Noscea	Skull Valley (x28, y22)
ACN	puk-hatchling.png	17	Puk Hatchling	3	Western La Noscea	Skull Valley (x28, y22)(x30, y25)
ACN	hedgemole.png	18.1	Hedgemole	3	Western La Noscea	Skull Valley (x26, y23)
ACN	rothlyt-pelican.png	18.2	Rothlyt Pelican	3	Western La Noscea	Skull Valley (x24, y22)
ACN	killer-mantis.png	19	Killer Mantis	3	Western La Noscea	Skull Valley(x22, y20)
ACN	bumble-beetle.png	20	Bumble Beetle	3	Upper La Noscea	Poor Maid's Mill (x12, y23)
ACN	overgrown-ivy.png	21	Overgrown Ivy	4	East Shroud	Nine Ivies (x23, y29)
ACN	lead-coblyn.png	22	Lead Coblyn	4	Western Thanalan	The Footfalls (x13, y10)
ACN	kedtrap.png	23	Kedtrap	4	South Shroud	Upper Paths (x21, y21)
ACN	coeurl-pup.png	24	Coeurl Pup	4	Upper La Noscea	Oakwood (x9, y20)
ACN	antelope-stag.png	25	Antelope Stag	4	South Shroud	Silent Arbor (x22, y20), (x26, y16)
ACN	balloon.png	26.1	Balloon	4	North Shroud	Alder Springs (x17, y26)
ACN	chasm-buzzard.png	26.2	Chasm Buzzard	2	Eastern Thanalan	Wellwick Wood (x22, y20)
ACN	axe-beak.png	27	Axe Beak	4	Eastern Thanalan	Wellwick Wood (x25, y18)
ACN	clay-golem.png	28.1	Clay Golem	4	North Shroud	Alder Springs (x19, y28)
ACN	sandstone-golem.png	28.2	Sandstone Golem	2	Southern Thanalan	Broken Water (x22, y11)
ACN	brood-ziz.png	29	Brood Ziz	4	Central Shroud	Sorrel Haven (x15, y20)
ACN	lindwurm.png	30	Lindwurm	4	Central Shroud	Sorrel Haven (x13, y19)
ACN	qiqirn-gullroaster.png	31	Qiqirn Gullroaster	4	Eastern La Noscea	(x26, y32)
ACN	grass-raptor.png	32	Grass Raptor	4	Eastern La Noscea	(x16, y25)
ACN	gigantoad.png	33	Gigantoad	4	Eastern La Noscea	(x18, y26)
ACN	sundrake.png	34	Sundrake	4	Southern Thanalan	(x25, y38)
ACN	colibri.png	35	Colibri	4	Eastern La Noscea	(x30, y24)
ACN	coeurl.png	36.1	Coeurl	4	Outer La Noscea	(x14, y14)
ACN	mildewed-goobbue.png	36.2	Mildewed Goobbue	1	Eastern La Noscea	(x17, y32)
ACN	snow-wolf-pup.png	37	Snow Wolf Pup	4	Coerthas Central Highlands	(x21, y29)
ACN	feral-croc.png	38.1	Feral Croc	4	Coerthas Central Highlands	(x27, y24)
ACN	dryad.png	38.2	Dryad	2	North Shroud	(x23, y25)
ACN	taurus.png	39	Taurus	4	Coerthas Central Highlands	(x32, y12)
ACN	molted-ziz.png	40	Molted Ziz	4	East Shroud	(x25, y24)
ACN	quartz-doblyn.png	41	Quartz Doblyn	4	Eastern Thanalan	(x30, y25)
ACN	lammergeyer.png	42	Lammergeyer	4	Western La Noscea	The Isles of Umbra (x12, y36)
ACN	3rd-cohort-laquearius.png	43	3rd Cohort Laquearius	2	East Shroud	(x29, y20)
ACN	nix.png	44.1	Nix	4	Mor Dhona	Fogfens (x19, y9)
ACN	mudpuppy.png	44.2	Mudpuppy	2	Coerthas Central Highlands	(x18, y30)
ACN	wild-hog.png	45	Wild Hog	4	South Shroud	(x29, y24)
ACN	watchwolf.png	46.1	Watchwolf	4	North Shroud	Proud Creek (x20, y18)
ACN	5th-cohort-laquearius.png	46.2	5th Cohort Laquearius	2	Mor Dhona	Fogfens (x11, y11)
ACN	snow-wolf.png	47	Snow Wolf	4	Coerthas Central Highlands	Boulder Downs (x16, y32)
ACN	natalan-watchwolf.png	48.1	Natalan Watchwolf	4	Coerthas Central Highlands	Natalan (x31, y18)
ACN	axolotl.png	48.2	Axolotl	2	Western La Noscea	Sapsa Spawning Grounds (x12, y15)
ACN	zahar-ak-battle-drake.png	49	Zahar'ak Battle Drake	4	Southern Thanalan	Zahar'ak (x31, y19)
ACN	4th-cohort-vanguard.png	50	4th Cohort Vanguard	4	Western Thanalan	Cape Westwind (x12, y7)
ARC	little-ladybug.png	1	Little Ladybug	4	North Shroud	(x25, y27)
ARC	ground-squirrel.png	2	Ground Squirrel	4	Central Shroud	(x22, y17)
ARC	forest-funguar.png	3	Forest Funguar	4	Central Shroud	(x24, y18)
ARC	miteling.png	4	Miteling	4	North Shroud	(x25, y27)
ARC	midge-swarm.png	5	Midge Swarm	4	North Shroud	(x27, y21)
ARC	water-sprite.png	6	Water Sprite	4	Central Shroud	(x25, y21)
ARC	black-eft.png	7	Black Eft	4	Central Shroud	(x26, y19)
ARC	anole.png	8	Anole	4	Central Shroud	(x30, y20)
ARC	trickster-imp.png	9	Trickster Imp	4	Central Shroud	(x26, y25)
ARC	roselet.png	10	Roselet	4	Central Shroud	(x22, y26)
ARC	hornet-swarm.png	11	Hornet Swarm	4	Central Shroud	(x23, y25)
ARC	arbor-buzzard.png	12	Arbor Buzzard	4	Central Shroud	(x26, y29)
ARC	magicked-bones.png	13.1	Magicked Bones	1	Central Shroud	(x19, y27)
ARC	treant-sapling.png	13.2	Treant Sapling	1	Central Shroud	(x27, y15)
ARC	goblin-hunter.png	13.3	Goblin Hunter	1	East Shroud	(x13, y27)
ARC	mandragora.png	13.4	Mandragora	1	East Shroud	(x14, y25)
ARC	wild-hoglet.png	14	Wild Hoglet	4	East Shroud	(x13, y23)
ARC	lemur.png	15	Lemur	4	East Shroud	(x20, y29)
ARC	faerie-funguar.png	16	Faerie Funguar	4	East Shroud	(x18, y28)
ARC	giant-gnat.png	17	Giant Gnat	4	East Shroud	(x19, y27)
ARC	raptor-poacher.png	18	Raptor Poacher	3	East Shroud	(x19, y30)
ARC	antelope-doe.png	19	Antelope Doe	4	South Shroud	(x15, y18)
ARC	wild-boar.png	20	Wild Boar	4	East Shroud	(x16, y23)
ARC	stoneshell.png	21	Stoneshell	5	Upper La Noscea	(x13, y24)
ARC	diseased-treant.png	22	Diseased Treant	5	East Shroud	(x16, y23)
ARC	overgrown-offering.png	23.1	Overgrown Offering	2	South Shroud	(x18, y19)
ARC	yarzon-scavenger.png	23.2	Yarzon Scavenger	2	Western Thanalan	(x14, y8)
ARC	forest-yarzon.png	23.3	Forest Yarzon	2	Upper La Noscea	(x12, y21)
ARC	jumping-djigga.png	23.4	Jumping Djigga	2	East Shroud	(x16, y21)
ARC	redbelly-sharpeye.png	24	Redbelly Sharpeye	5	South Shroud	(x23, y19)
ARC	banemite.png	25	Banemite	5	North Shroud	(x18, y26)
ARC	chasm-buzzard.png	26	Chasm Buzzard	5	Eastern Thanalan	(x22, y19)
ARC	sandskin-peiste.png	27	Sandskin Peiste	5	Southern Thanalan	(x19, y10)
ARC	ziz.png	28	Ziz	5	North Shroud	(x15, y27)
ARC	toadstool.png	29	Toadstool	5	Central Shroud	(x15, y17)
ARC	apkallu.png	30	Apkallu	5	Eastern La Noscea	(x28, y35)
ARC	floating-eye.png	31	Floating Eye	5	Central Shroud	(x11, y22)
ARC	sandworm.png	32	Sandworm	5	Southern Thanalan	(x23, y32)
ARC	russet-yarzon.png	33.1	Russet Yarzon	2	Southern Thanalan	(x13, y32)
ARC	giant-pelican.png	33.2	Giant Pelican	2	Eastern La Noscea	(x20, y32)
ARC	smoke-bomb.png	33.3	Smoke Bomb	2	Southern Thanalan	(x19, y35)
ARC	spriggan.png	33.4	Spriggan	2	Central Shroud	(x12, y16)
ARC	bloodshore-bell.png	34	Bloodshore Bell	5	Eastern La Noscea	(x31, y26)
ARC	jungle-coeurl.png	35	Jungle Coeurl	5	Eastern La Noscea	(x18, y28)
ARC	ringtail.png	36.1	Ringtail	2	Outer La Noscea	(x15, y12)
ARC	highland-condor.png	36.2	Highland Condor	2	Outer La Noscea	(x16, y16)
ARC	salamander.png	36.3	Salamander	2	Upper La Noscea	(x27, y24)
ARC	fallen-pikeman.png	36.4	Fallen Pikeman	2	Southern Thanalan	(x21, y38)
ARC	ice-sprite.png	37	Ice Sprite	5	Coerthas Central Highlands	(x20, y31)
ARC	feral-croc.png	38	Feral Croc	5	Coerthas Central Highlands	(x26, y24)
ARC	vodoriga.png	39	Vodoriga	5	Coerthas Central Highlands	(x27, y14)
ARC	baritine-croc.png	40	Baritine Croc	5	Coerthas Central Highlands	(x3, y21)
ARC	hippocerf.png	41	Hippocerf	5	Coerthas Central Highlands	(x9, y20)
ARC	dragonfly.png	42	Dragonfly	5	Coerthas Central Highlands	(x9, y14)
ARC	oldgrowth-treant.png	43.1	Oldgrowth Treant	2	East Shroud	(x25, y20)
ARC	lammergeyer.png	43.2	Lammergeyer	2	Western La Noscea	(x12, y36)
ARC	dead-man-s-moan.png	43.3	Dead Man's Moan	2	Western La Noscea	(x16, y31)
ARC	morbol.png	43.4	Morbol	2	East Shroud	(x23, y21)
ARC	mudpuppy.png	44	Mudpuppy	5	Coerthas Central Highlands	(x16, y30)
ARC	lesser-kalong.png	45	Lesser Kalong	5	South Shroud	(x29, y23)
ARC	giant-reader.png	46.1	Giant Reader	2	Coerthas Central Highlands	(x13, y28)
ARC	hippogryph.png	46.2	Hippogryph	2	Mor Dhona	(x32, y8)
ARC	5th-cohort-secutor.png	46.3	5th Cohort Secutor	2	Mor Dhona	(x11, y13)
ARC	tempered-gladiator.png	46.4	Tempered Gladiator	2	Southern Thanalan	(x21, y19)
ARC	sylphlands-condor.png	47	Sylphlands Condor	5	East Shroud	(x26, y16)
ARC	milkroot-sapling.png	48	Milkroot Sapling	5	East Shroud	(x23, y13)
ARC	ahriman.png	49	Ahriman	5	Northern Thanalan	(x24, y22)
ARC	shelfeye-reaver.png	50	Shelfeye Reaver	5	Western La Noscea	(x13, y16)
CNJ	little-ladybug.png	1	Little Ladybug	3	Central Shroud	(x23, y17)
CNJ	ground-squirrel.png	2	Ground Squirrel	3	Central Shroud	(x21, y16)
CNJ	forest-funguar.png	3	Forest Funguar	3	Central Shroud	(x25, y18)
CNJ	miteling.png	4	Miteling	3	North Shroud	(x24, y27)
CNJ	chigoe.png	5	Chigoe	3	Central Shroud	(x24, y21)
CNJ	water-sprite.png	6	Water Sprite	3	Central Shroud	(x24, y21)
CNJ	midge-swarm.png	7	Midge Swarm	3	North Shroud	(x26, y21)
CNJ	microchu.png	8	Microchu	3	North Shroud	(x26, y22)
CNJ	syrphid-swarm.png	9	Syrphid Swarm	3	Central Shroud	(x27, y24)
CNJ	northern-vulture.png	10	Northern Vulture	3	East Shroud	(x14, y27)
CNJ	tree-slug.png	11	Tree Slug	3	Central Shroud	(x25, y29)
CNJ	arbor-buzzard.png	12.1	Arbor Buzzard	3	Central Shroud	(x26, y29)
CNJ	goblin-hunter.png	12.2	Goblin Hunter	2	East Shroud	(x13, y27)
CNJ	firefly.png	13	Firefly	3	Eastern Thanalan	(x24, y29)
CNJ	mandragora.png	14	Mandragora	3	East Shroud	(x14, y26)
CNJ	boring-weevil.png	15	Boring Weevil	3	East Shroud	(x20, y28)
CNJ	faerie-funguar.png	16	Faerie Funguar	3	East Shroud	(x19, y28)
CNJ	giant-gnat.png	17	Giant Gnat	3	East Shroud	(x19, y25)
CNJ	wolf-poacher.png	18	Wolf Poacher	3	East Shroud	(x19, y30)
CNJ	qiqirn-beater.png	19	Qiqirn Beater	3	South Shroud	(x15, y17)
CNJ	black-bat.png	20	Black Bat	3	East Shroud	(x16, y21)
CNJ	stoneshell.png	21	Stoneshell	3	Upper La Noscea	(x13, y24)
CNJ	laughing-toad.png	22.1	Laughing Toad	2	Western Thanalan	(x14, y7)
CNJ	diseased-treant.png	22.2	Diseased Treant	3	East Shroud	(x16, y23)
CNJ	lead-coblyn.png	22.3	Lead Coblyn	2	Western Thanalan	(x13, y10)
CNJ	bark-eft.png	23	Bark Eft	3	South Shroud	(x17, y24)
CNJ	glowfly.png	24	Glowfly	3	East Shroud	(x15, y20)
CNJ	antelope-stag.png	25	Antelope Stag	3	South Shroud	(x22, y19)
CNJ	sabotender.png	26	Sabotender	3	Southern Thanalan	(x15, y14)
CNJ	qiqirn-roerunner.png	27	Qiqirn Roerunner	3	Eastern Thanalan	(x23, y23)
CNJ	goblin-thug.png	28	Goblin Thug	3	South Shroud	(x28, y20)
CNJ	toadstool.png	29	Toadstool	3	Central Shroud	(x14, y17)
CNJ	apkallu.png	30	Apkallu	3	Eastern La Noscea	(x28, y35)
CNJ	lindwurm.png	31	Lindwurm	4	Central Shroud	(x12, y20)
CNJ	gigantoad.png	32.1	Gigantoad	2	Eastern La Noscea	(x18, y26)
CNJ	bigmouth-orobon.png	32.2	Bigmouth Orobon	4	South Shroud	(x18, y30)
CNJ	mamool-ja-infiltrator.png	32.3	Mamool Ja Infiltrator	2	Upper La Noscea	(x28, y23)(x28, y25)
CNJ	sandworm.png	32.4	Sandworm	1	Southern Thanalan	(x22, y34)
CNJ	revenant.png	33	Revenant	4	Central Shroud	(x12, y20)
CNJ	bloodshore-bell.png	34	Bloodshore Bell	4	Eastern La Noscea	(x31, y26)
CNJ	ornery-karakul.png	35	Ornery Karakul	4	Coerthas Central Highlands	(x25, y19)(x28, y14)
CNJ	deepvoid-deathmouse.png	36	Deepvoid Deathmouse	4	South Shroud	(x25, y21)
CNJ	dryad.png	37	Dryad	4	North Shroud	(x22, y23)
CNJ	downy-aevis.png	38	Downy Aevis	4	Coerthas Central Highlands	(x26, y10)
CNJ	will-o-the-wisp.png	39	Will-o'-the-wisp	4	South Shroud	(x22, y25)
CNJ	dragonfly.png	40	Dragonfly	4	Coerthas Central Highlands	(x9, y14)
CNJ	golden-fleece.png	41	Golden Fleece	4	Eastern Thanalan	(x26, y25)
CNJ	grenade.png	42.1	Grenade	4	Outer La Noscea	(x22, y13)
CNJ	hippocerf.png	42.2	Hippocerf	2	Coerthas Central Highlands	(x10, y18)
CNJ	lammergeyer.png	42.3	Lammergeyer	2	Western La Noscea	(x12, y36)
CNJ	dead-man-s-moan.png	42.4	Dead Man's Moan	1	Western La Noscea	(x15, y14)
CNJ	3rd-cohort-hoplomachus.png	43	3rd Cohort Hoplomachus	2	East Shroud	(x29, y20)
CNJ	lesser-kalong.png	44	Lesser Kalong	4	South Shroud	(x28, y22)
CNJ	snow-wolf.png	45	Snow Wolf	4	Coerthas Central Highlands	(x16, y32)
CNJ	5th-cohort-eques.png	46	5th Cohort Eques	4	Mor Dhona	(x12, y17)
CNJ	sea-wasp.png	47	Sea Wasp	4	Western La Noscea	(x14, y17)
CNJ	sylph-bonnet.png	48	Sylph Bonnet	4	East Shroud	(x26, y13)
CNJ	ahriman.png	49	Ahriman	4	Northern Thanalan	(x24, y20)
CNJ	2nd-cohort-vanguard.png	50	2nd Cohort Vanguard	4	Eastern La Noscea	(x29, y21)
GLA	little-ladybug.png	1	Little Ladybug	3	Western Thanalan	The Eighty Sins of Sasamo (x27, y24)
GLA	star-marmot.png	2	Star Marmot	3	Central Thanalan	Spineless Basin (x20, y27)
GLA	cactuar.png	3	Cactuar	3	Western Thanalan	The Eighty Sins of Sasamo (x27, y24)
GLA	snapping-shrew.png	4	Snapping Shrew	3	Central Thanalan	Spineless Basin (x25, y31)
GLA	hammer-beak.png	5	Hammer Beak	3	Western Thanalan	Hammerlea (x26, y22)
GLA	antling-worker.png	6	Antling Worker	3	Central Thanalan	Black Brush (x17, y15)
GLA	earth-sprite.png	7	Earth Sprite	3	Western Thanalan	Hammerlea (x17, y28)
GLA	spriggan-graverobber.png	8	Spriggan Graverobber	3	Central Thanalan	Black Brush (x16, y23)
GLA	qiqirn-shellsweeper.png	9	Qiqirn Shellsweeper	3	Central Thanalan	Black Brush (x17, y19)
GLA	antling-soldier.png	10.1	Antling Soldier	3	Central Thanalan	The Clutch (x23, y19)
GLA	dusty-mongrel.png	10.2	Dusty Mongrel	3	Western Thanalan	Horizon's Edge (x22, y21)
GLA	bomb.png	11.1	Bomb	3	Western Thanalan	Horizon's Edge (x27, y17)
GLA	copper-coblyn.png	11.2	Copper Coblyn	3	Western Thanalan	Horizon's Edge (x27, y17)
GLA	cochineal-cactuar.png	12	Cochineal Cactuar	3	Central Thanalan	The Clutch (x24, y19)
GLA	quiveron-guard.png	13	Quiveron Guard	3	Central Thanalan	The Clutch (x24, y21)
GLA	giant-tortoise.png	14	Giant Tortoise	3	Western Thanalan	(x21, y26), (x24, y26)
GLA	thickshell.png	15	Thickshell	3	Western Thanalan	The Footfalls (x16, y16)
GLA	scaphite.png	16	Scaphite	3	Western Thanalan	The Footfalls (x17, y14)
GLA	tuco-tuco.png	17	Tuco-tuco	3	Eastern Thanalan	Drybone (x11, y19) , (x16, y24)
GLA	myotragus-billy.png	18	Myotragus Billy	3	Eastern Thanalan	Drybone (x18, y24)
GLA	vandalous-imp.png	19	Vandalous Imp	3	Eastern Thanalan	Drybone (x14, y18)
GLA	rotting-noble.png	20.1	Rotting Noble	3	Eastern Thanalan	Drybone (x14, y16)
GLA	bloated-bogy.png	20.2	Bloated Bogy	3	Western Thanalan	The Footfalls (x13, y11)
GLA	stoneshell.png	21.1	Stoneshell	4	Upper La Noscea	Oakwood (x14, y24)
GLA	kedtrap.png	21.2	Kedtrap	3	South Shroud	Upper Paths (x21, y20)
GLA	lead-coblyn.png	22	Lead Coblyn	4	Western Thanalan	The Footfalls (x13, y10)
GLA	overgrown-offering.png	23	Overgrown Offering	4	South Shroud	Upper Paths (x18, y19)
GLA	coeurl-pup.png	24	Coeurl Pup	4	Upper La Noscea	Oakwood (x9, y20)
GLA	balloon.png	25	Balloon	4	North Shroud	Alder Springs (x17, y26)
GLA	sabotender.png	26	Sabotender	4	Southern Thanalan	Broken Water (x14, y13)
GLA	qiqirn-roerunner.png	27	Qiqirn Roerunner	4	Eastern Thanalan	Wellwick Wood (x24, y23)
GLA	goblin-thug.png	28	Goblin Thug	4	South Shroud	Silent Arbor (x27, y20)
GLA	coeurlclaw-cutter.png	29	Coeurlclaw Cutter	4	South Shroud	Silent Arbor (x28, y21)
GLA	apkallu.png	30.1	Apkallu	4	Eastern La Noscea	Bloodshore (x28, y36)
GLA	pteroc.png	30.2	Pteroc	3	Outer La Noscea	The Long Climb (x15, y18)
GLA	floating-eye.png	31.1	Floating Eye	4	Central Shroud	Sorrel Haven (x10, y23)
GLA	mamool-ja-sophist.png	31.2	Mamool Ja Sophist	3	Upper La Noscea	Bronze Lake (x27, y23)
GLA	uragnite.png	32.1	Uragnite	4	Upper La Noscea	Bronze Lake (x29, y24)
GLA	adamantoise.png	32.2	Adamantoise	3	South Shroud	Lower Paths (x17, y30)
GLA	sandworm.png	33	Sandworm	4	Southern Thanalan	Sagolii Desert (x17, y33)
GLA	death-gaze.png	34	Death Gaze	4	Central Shroud	Sorrel Haven (x16, y21)
GLA	velociraptor.png	35	Velociraptor	4	Outer La Noscea	The Long Climb (x19, y15)
GLA	fallen-wizard.png	36	Fallen Wizard	4	Southern Thanalan	Sagolii Desert (x20, y37)
GLA	snow-wolf-pup.png	37	Snow Wolf Pup	4	Coerthas Central Highlands	Dragonhead (x21, y29)
GLA	treant.png	38	Treant	4	South Shroud	Snakemolt (x22, y23)
GLA	vodoriga.png	39	Vodoriga	4	Coerthas Central Highlands	Providence Point (x27, y14)
GLA	hippocerf.png	40.1	Hippocerf	4	Coerthas Central Highlands	Whitebrim (x8, y20)
GLA	grenade.png	40.2	Grenade	3	Outer La Noscea	Iron Lake (x22, y13)
GLA	preying-mantis.png	41.1	Preying Mantis	5	Western La Noscea	The Isles of Umbra (x15, y34)
GLA	lammergeyer.png	41.2	Lammergeyer	2	Western La Noscea	The Isles of Umbra (x12, y36)
GLA	oldgrowth-treant.png	42.1	Oldgrowth Treant	5	East Shroud	Larkscall (x26, y20)
GLA	3rd-cohort-eques.png	42.2	3rd Cohort Eques	2	East Shroud	Larkscall (x29, y21)
GLA	dead-man-s-moan.png	43.1	Dead Man's Moan	5	Western La Noscea	The Isles of Umbra (x12, y36)
GLA	morbol.png	43.2	Morbol	2	East Shroud	Larkscall (x23, y21)
GLA	mudpuppy.png	44	Mudpuppy	5	Mor Dhona	Fogfens (x13, y11)
GLA	lake-cobra.png	45	Lake Cobra	5	Mor Dhona	North Silvertear (x27, y13)
GLA	giant-lugger.png	46	Giant Lugger	3	Coerthas Central Highlands	Boulder Downs (x13, y27) Lvl 46
GLA	tempered-orator.png	47	Tempered Orator	5	Southern Thanalan	Zanr'ak (x22, y19)
GLA	dullahan.png	48	Dullahan	5	North Shroud	Proud Creek (x22, y19)
GLA	basilisk.png	49	Basilisk	5	Northern Thanalan	Bluefog (x25, y21)
GLA	gigas-bhikkhu.png	50.1	Gigas Bhikkhu	5	Mor Dhona	North Silvertear (x33, y15)
GLA	2nd-cohort-hoplomachus.png	50.2	2nd Cohort Hoplomachus	5	Eastern La Noscea	Agelyss Wise (x25, y21) Lvl 49
IMF	amalj-aa-hunter.png	1	Amalj'aa Hunter	3	Eastern Thanalan	Sandgate (x19, y28)
IMF	doctore.png	2	Doctore	3	Halatali
IMF	firemane.png	3	Firemane	1	Halatali	(x11, y13)
IMF	thunderclap-guivre.png	4	Thunderclap Guivre	1	Halatali
IMF	sylvan-sough.png	5	Sylvan Sough	3	East Shroud	The Bramble Patch (x18, y21)
IMF	kobold-footman.png	6	Kobold Footman	3	Upper La Noscea	Oakwood (x11, y22)
IMF	kobold-pickman.png	7	Kobold Pickman	3	Upper La Noscea	Oakwood (x11, y22)
IMF	amalj-aa-seer.png	8	Amalj'aa Seer	3	Southern Thanalan	Broken Water (x20, y15)
IMF	ixali-lightwing.png	9	Ixali Lightwing	3	North Shroud	Alder Springs (x22, y28)
IMF	ixali-boundwing.png	10	Ixali Boundwing	1	Coerthas Central Highlands	(x32, y27)
IMF	amalj-aa-halberdier.png	11	Amalj'aa Halberdier	3	Southern Thanalan	Sagolii Desert (x25, y34) Lvl 32
IMF	kobold-missionary.png	12	Kobold Missionary	3	Eastern La Noscea	Bloodshore (x28, y25) Lvl 34
IMF	kobold-sidesman.png	13	Kobold Sidesman	3	Upper La Noscea	Zelma's Run (x26, y19) Lvl 34
IMF	sand-bat.png	14	Sand Bat	3	Cutter's Cry
IMF	sabotender-desertor.png	15	Sabotender Desertor	2	Cutter's Cry
IMF	myrmidon-princess.png	16	Myrmidon Princess	1	Cutter's Cry
IMF	kobold-quarryman.png	17	Kobold Quarryman	3	Outer La Noscea	Iron Lake (x22, y14) Lvl 41
IMF	sylvan-screech.png	18	Sylvan Screech	3	East Shroud	Larkscall (x21, y21) Lvl 43 (x25, y22)
IMF	shelfspine-sahagin.png	19	Shelfspine Sahagin	3	Western La Noscea	Halfstone (x19, y21)
IMF	amalj-aa-archer.png	20	Amalj'aa Archer	3	Southern Thanalan	Zanr'ak (x20, y23) Lvl 48
IMF	ixali-windtalon.png	21	Ixali Windtalon	3	North Shroud	Proud Creek (x20, y20)
IMF	sylpheed-sigh.png	22	Sylpheed Sigh	3	East Shroud	(x26, y19)
IMF	u-ghamaro-priest.png	23	U'Ghamaro Priest	3	Outer La Noscea	U'Ghamaro Mines (x23, y8)
IMF	sapsa-shelfspine.png	24	Sapsa Shelfspine	3	Western La Noscea	Sapsa Spawning Grounds (x16, y15)
IMF	zahar-ak-thm.png	25	Zahar'ak THM	3	Southern Thanalan	Zahar'ak (x32, y18)
IMF	natalan-windtalon.png	26	Natalan Windtalon	4	Coerthas Central Highlands	Natalan (x31, y17)
IMF	natalan-boldwing.png	27	Natalan Boldwing	5	Coerthas Central Highlands	Natalan (x31, y17)
IMF	tonberry.png	28	Tonberry	8	The Wanderer's Palace
IMF	corrupted-nymian.png	29	Corrupted Nymian	3	The Wanderer's Palace
IMF	soldier-of-nym.png	30	Soldier Of Nym	3	The Wanderer's Palace
LNC	little-ladybug.png	1	Little Ladybug	3	Central Shroud	(x24, y18)
LNC	ground-squirrel.png	2	Ground Squirrel	3	Central Shroud	(x22, y17)
LNC	forest-funguar.png	3	Forest Funguar	3	Central Shroud	(x25, y19)
LNC	miteling.png	4	Miteling	3	North Shroud	(x26, y26)
LNC	opo-opo.png	5	Opo-opo	3	North Shroud	(x27, y24)
LNC	microchu.png	6	Microchu	3	Central Shroud	(x29, y20)
LNC	black-eft.png	7.1	Black Eft	3	Central Shroud	(x26, y20)
LNC	bog-yarzon.png	7.2	Bog Yarzon	3	Central Shroud	(x24, y24)
LNC	hoglet.png	8	Hoglet	3	Central Shroud	(x30, y23)
LNC	anole.png	9.1	Anole	3	Central Shroud	(x31, y20)
LNC	diremite.png	9.2	Diremite	3	Central Shroud	(x18, y19)
LNC	tree-slug.png	10	Tree Slug	3	East Shroud	(x13, y26)
LNC	arbor-buzzard.png	11	Arbor Buzzard	3	Central Shroud	(x25, y29)
LNC	treant-sapling.png	12	Treant Sapling	3	Central Shroud	(x22, y16)
LNC	mandragora.png	13	Mandragora	3	East Shroud	(x14, y25)
LNC	wild-hoglet.png	14	Wild Hoglet	3	East Shroud	(x13, y23)
LNC	lemur.png	15.1	Lemur	3	East Shroud	(x20, y27)
LNC	boring-weevil.png	15.2	Boring Weevil	3	East Shroud	(x20, y27)
LNC	faerie-funguar.png	16	Faerie Funguar	3	East Shroud	(x19, y28)
LNC	giant-gnat.png	17.1	Giant Gnat	3	East Shroud	(x19, y27)
LNC	boar-poacher.png	17.2	Boar Poacher	3	East Shroud	(x19, y30)
LNC	ziz-gorlin.png	18	Ziz Gorlin	3	East Shroud	(x20, y25)
LNC	black-bat.png	19.1	Black Bat	3	East Shroud	(x17, y22)
LNC	qiqirn-beater.png	19.2	Qiqirn Beater	3	South Shroud	(x15, y17)
LNC	antelope-doe.png	20	Antelope Doe	3	South Shroud	(x18, y22)
LNC	stoneshell.png	21	Stoneshell	4	Upper La Noscea	(x13, y24)
LNC	smallmouth-orobon.png	22	Smallmouth Orobon	4	South Shroud	(x16, y18)
LNC	yarzon-scavenger.png	23	Yarzon Scavenger	4	North Shroud	(x20, y31)
LNC	redbelly-lookout.png	24	Redbelly Lookout	4	South Shroud	(x24, y18)
LNC	antelope-stag.png	25.1	Antelope Stag	4	South Shroud	(x26, y18)
LNC	moondrip-piledriver.png	25.2	Moondrip Piledriver	3	Western Thanalan	(x16, y7)
LNC	sabotender.png	26	Sabotender	4	Southern Thanalan	(x14, y14)
LNC	goblin-thug.png	27.1	Goblin Thug	3	South Shroud	(x27, y20)
LNC	sandskin-peiste.png	27.2	Sandskin Peiste	4	Southern Thanalan	(x19, y10)
LNC	corpse-brigade-firedancer.png	28	Corpse Brigade Firedancer	4	Southern Thanalan	(x24, y9)
LNC	coeurlclaw-poacher.png	29.1	Coeurlclaw Poacher	4	South Shroud	(x28, y21)
LNC	apkallu.png	29.2	Apkallu	3	Eastern La Noscea	(x28, y35)
LNC	midland-condor.png	30	Midland Condor	4	South Shroud	(x17, y26)
LNC	floating-eye.png	31	Floating Eye	4	Central Shroud	(x10, y23)
LNC	large-buffalo.png	32	Large Buffalo	4	Eastern La Noscea	(x28, y30)
LNC	smoke-bomb.png	33.1	Smoke Bomb	3	Southern Thanalan	(x19, y34)
LNC	sundrake.png	33.2	Sundrake	4	Southern Thanalan	(x25, y38)
LNC	spriggan.png	34	Spriggan	4	Central Shroud	(x10, y16)
LNC	basalt-golem.png	35.1	Basalt Golem	3	Outer La Noscea	(x13, y15)
LNC	ringtail.png	35.2	Ringtail	4	Outer La Noscea	(x15, y11)
LNC	ornery-karakul.png	36	Ornery Karakul	4	Coerthas Central Highlands	(x25, y19)
LNC	lesser-kalong.png	37.1	Lesser Kalong	3	South Shroud	(x22, y24)
LNC	snow-wolf-pup.png	37.2	Snow Wolf Pup	4	Coerthas Central Highlands	(x21, y29)
LNC	dryad.png	38	Dryad	4	North Shroud	(x22, y23)
LNC	bateleur.png	39.1	Bateleur	3	Coerthas Central Highlands	(x17, y17)
LNC	downy-aevis.png	39.2	Downy Aevis	4	Coerthas Central Highlands	(x27, y10)
LNC	mirrorknight.png	40	Mirrorknight	4	Eastern Thanalan	(x26, y24)
LNC	dragonfly.png	41.1	Dragonfly	5	Coerthas Central Highlands	(x9, y14)
LNC	baritine-croc.png	41.2	Baritine Croc	4	Coerthas Central Highlands	(x3, y21)
LNC	dead-man-s-moan.png	42	Dead Man's Moan	5	Western La Noscea	(x15, y35)
LNC	3rd-cohort-signifer.png	43.1	3rd Cohort Signifer	2	East Shroud	(x32, y20)
LNC	morbol.png	43.2	Morbol	5	East Shroud	(x23, y21)
LNC	wild-hog.png	44	Wild Hog	5	South Shroud	(x29, y24)
LNC	daring-harrier.png	45.1	Daring Harrier	4	Mor Dhona	(x16, y15)
LNC	lake-cobra.png	45.2	Lake Cobra	5	Mor Dhona	(x25, y12)
LNC	snow-wolf.png	46	Snow Wolf	5	Coerthas Central Highlands	(x16, y32)
LNC	sea-wasp.png	47.1	Sea Wasp	5	Western La Noscea	(x13, y17)
LNC	5th-cohort-vanguard.png	47.2	5th Cohort Vanguard	4	Mor Dhona	(x10, y13)
LNC	natalan-watchwolf.png	48	Natalan Watchwolf	5	Coerthas Central Highlands	(x34, y23)
LNC	sylphlands-sentinel.png	49.1	Sylphlands Sentinel	5	East Shroud	(x24, y11)
LNC	basilisk.png	49.2	Basilisk	4	Northern Thanalan	(x22, y24)
LNC	2nd-cohort-eques.png	50	2nd Cohort Eques	5	Eastern La Noscea	(x30, y21)
MLS	amalj-aa-hunter.png	1	Amalj'aa Hunter	3	Eastern Thanalan	Sandgate (x19, y28)
MLS	heckler-imp.png	2	Heckler Imp	3	Halatali
MLS	doctore.png	3	Doctore	3	Halatali
MLS	firemane.png	4	Firemane	1	Halatali
MLS	sylvan-groan.png	5	Sylvan Groan	3	East Shroud	The Bramble Patch (x19, y21)
MLS	sylvan-sough.png	6	Sylvan Sough	3	East Shroud	The Bramble Patch (x19, y21)
MLS	kobold-pickman.png	7	Kobold Pickman	3	Upper La Noscea	Oakwood (x13, y22)
MLS	amalj-aa-bruiser.png	8	Amalj'aa Bruiser	3	Southern Thanalan	Broken Water (x20, y15)
MLS	ixali-straightbeak.png	9	Ixali Straightbeak	3	North Shroud	Alder Springs (x23, y28)
MLS	ixali-wildtalon.png	10	Ixali Wildtalon	1	Coerthas Central Highlands	(x30, y27)
MLS	amalj-aa-divinator.png	11	Amalj'aa Divinator	3	Southern Thanalan	Sagolii Desert (x27, y34)
MLS	kobold-pitman.png	12	Kobold Pitman	3	Eastern La Noscea	Bloodshore (x28, y26)
MLS	temple-bat.png	13	Temple Bat	5	The Sunken Temple of Qarn
MLS	the-condemned.png	14	The Condemned	6	The Sunken Temple of Qarn
MLS	teratotaur.png	15	Teratotaur	1	The Sunken Temple of Qarn
MLS	kobold-bedesman.png	16	Kobold Bedesman	3	Outer La Noscea	Iron Lake (x22, y13)
MLS	kobold-priest.png	17	Kobold Priest	1	Outer La Noscea	Iron Lake (x22, y12)
MLS	sylvan-sigh.png	18	Sylvan Sigh	3	East Shroud	Larkscall (x23, y21)
MLS	shelfscale-sahagin.png	19	Shelfscale Sahagin	3	Western La Noscea	Halfstone (x18, y21)
MLS	amalj-aa-pugilist.png	20	Amalj'aa Pugilist	3	Southern Thanalan	Zanr'ak (x20, y23)
MLS	ixali-boldwing.png	21	Ixali Boldwing	3	North Shroud	Proud Creek (x21, y20)
MLS	sylpheed-screech.png	22	Sylpheed Screech	3	East Shroud	Sylphlands (x27, y19)
MLS	u-ghamaro-bedesman.png	23	U'Ghamaro Bedesman	3	Outer La Noscea	U'Ghamaro Mines (x22, y6)
MLS	trenchtooth-sahagin.png	24	Trenchtooth Sahagin	3	Western La Noscea	Halfstone(x20, y20)
MLS	sapsa-shelfclaw.png	25	Sapsa Shelfclaw	3	Western La Noscea	Sapsa Spawning Grounds (x18, y16)
MLS	zahar-ak-archer.png	26	Zahar'ak Archer	3	Southern Thanalan	Zahar'ak (x29, y20)
MLS	natalan-fogcaller.png	27	Natalan Fogcaller	4	Coerthas Central Highlands	Natalan (x32, y18)
MLS	natalan-boldwing.png	28	Natalan Boldwing	5	Coerthas Central Highlands	Natalan (x31, y17)
MLS	tonberry.png	29	Tonberry	5	The Wanderer's Palace
MLS	giant-bavarois.png	30	Giant Bavarois	1	The Wanderer's Palace
MRD	little-ladybug.png	1	Little Ladybug	3	Middle La Noscea	Zephyr Drift (x23, y24)
MRD	wharf-rat.png	2	Wharf Rat	3	Middle La Noscea	Zephyr Drift (x21, y23)
MRD	aurelia.png	3	Aurelia	3	Lower La Noscea	Moraby Bay (x24, y26)
MRD	bee-cloud.png	4	Bee Cloud	3	Middle La Noscea	Summerford (x19, y18)
MRD	wild-dodo.png	5	Wild Dodo	3	Lower La Noscea	Cedarwood (x29, y19)
MRD	tiny-mandragora.png	6	Tiny Mandragora	3	Middle La Noscea	Summerford (x22, y18)
MRD	bogy.png	7	Bogy	3	Middle La Noscea	Summerford (x20, y19)
MRD	wounded-aurochs.png	8	Wounded Aurochs	3	Middle La Noscea	Summerford (x18, y17)
MRD	grounded-raider.png	9	Grounded Raider	3	Middle La Noscea	Summerford (x20, y17)
MRD	megalocrab.png	10	Megalocrab	3	Middle La Noscea	Three-malm Bend (x14, y13)
MRD	firefly.png	11	Firefly	4	Lower La Noscea	(x26, y37)
MRD	mossless-goobbue.png	12	Mossless Goobbue	4	Lower La Noscea	(x22, y24)
MRD	fat-dodo.png	13	Fat Dodo	4	Western La Noscea	(x32, y27)
MRD	moraby-mole.png	14	Moraby Mole	4	Lower La Noscea	(x21, y34)
MRD	qiqirn-eggdigger.png	15	Qiqirn Eggdigger	4	Lower La Noscea	(x18, y35)
MRD	rhotano-buccaneer.png	16	Rhotano Buccaneer	4	Western La Noscea	(x33, y27)
MRD	dusk-bat.png	17.1	Dusk Bat	4	Western La Noscea	(x28, y24)
MRD	puk-hatchling.png	17.2	Puk Hatchling	3	Western La Noscea	(x28, y24)
MRD	hedgemole.png	17.3	Hedgemole	2	Western La Noscea	(x26, y23)
MRD	rothlyt-pelican.png	18	Rothlyt Pelican	4	Western La Noscea	(x24, y22)
MRD	killer-mantis.png	19	Killer Mantis	4	Western La Noscea	(x21, y22)
MRD	wild-wolf.png	20	Wild Wolf	4	Upper La Noscea	(x13, y26)
MRD	stoneshell.png	21	Stoneshell	4	Upper La Noscea	(x13, y24)
MRD	diseased-treant.png	22	Diseased Treant	4	East Shroud	(x17, y23)
MRD	yarzon-scavenger.png	23	Yarzon Scavenger	4	Western Thanalan	(x15, y7)
MRD	redbelly-larcener.png	24	Redbelly Larcener	4	South Shroud	(x23, y19)
MRD	shroud-hare.png	25	Shroud Hare	4	North Shroud	(x17, y27)
MRD	sabotender.png	26	Sabotender	4	Southern Thanalan	(x14, y14)
MRD	balloon.png	27.1	Balloon	4	North Shroud	(x17, y26), (x19.5, y28.7)
MRD	phurble.png	27.2	Phurble	3	Eastern Thanalan	(x22, y21)
MRD	sandskin-peiste.png	27.3	Sandskin Peiste	2	Southern Thanalan	(x19, y10)
MRD	axe-beak.png	28	Axe Beak	4	Eastern Thanalan	(x27, y17)
MRD	toadstool.png	29	Toadstool	4	Central Shroud	(x14, y17)
MRD	floating-eye.png	30	Floating Eye	4	Central Shroud	(x10, y23)
MRD	stroper.png	31	Stroper	4	South Shroud	(x19, y28)
MRD	adamantoise.png	32.1	Adamantoise	4	South Shroud	(x15, y29)
MRD	smoke-bomb.png	32.2	Smoke Bomb	3	Southern Thanalan	(x19, y34)
MRD	grass-raptor.png	32.3	Grass Raptor	2	Eastern La Noscea	(x15, y26)
MRD	snipper.png	33	Snipper	4	Eastern La Noscea	(x31, y35)
MRD	bloodshore-bell.png	34	Bloodshore Bell	4	Eastern La Noscea	(x31, y26)
MRD	jungle-coeurl.png	35	Jungle Coeurl	4	Eastern La Noscea	(x19, y28)
MRD	snow-wolf-pup.png	36	Snow Wolf Pup	4	Coerthas Central Highlands	(x21, y29)
MRD	redhorn-ogre.png	37.1	Redhorn Ogre	2	Coerthas Central Highlands	(x24, y13)
MRD	ornery-karakul.png	37.2	Ornery Karakul	4	Coerthas Central Highlands	(x25, y19)
MRD	highland-goobbue.png	37.3	Highland Goobbue	3	Coerthas Central Highlands	(x25, y19)
MRD	downy-aevis.png	38	Downy Aevis	4	Coerthas Central Highlands	(x26, y10)
MRD	snowstorm-goobbue.png	39	Snowstorm Goobbue	4	Coerthas Central Highlands	(x19, y17)
MRD	grenade.png	40	Grenade	4	Outer La Noscea	(x23, y13)
MRD	molted-ziz.png	41	Molted Ziz	5	East Shroud	Larkscall (x25, y24)
MRD	quartz-doblyn.png	42.1	Quartz Doblyn	5	Eastern Thanalan	The Burning Wall (x31, y26)
MRD	dead-man-s-moan.png	42.2	Dead Man's Moan	3	Western La Noscea	The Isles of Umbra (x15, y35)
MRD	morbol.png	42.3	Morbol	2	East Shroud	Larkscall (x23, y21)
MRD	crater-golem.png	43	Crater Golem	1	Central Shroud	The Standing Corses (x11, y17)
MRD	wild-hog.png	44	Wild Hog	5	South Shroud	Urth's Gift (x29, y24)
MRD	biast.png	45	Biast	5	Coerthas Central Highlands	Boulder Downs (x16, y30)
MRD	5th-cohort-signifer.png	46	5th Cohort Signifer	5	Mor Dhona	Fogfens (x9, y14)
MRD	synthetic-doblyn.png	47.1	Synthetic Doblyn	5	Outer La Noscea	U'Ghamaro Mines (x23, y8)
MRD	watchwolf.png	47.2	Watchwolf	3	North Shroud	Proud Creek (x20, y20)
MRD	iron-tortoise.png	47.3	Iron Tortoise	2	Southern Thanalan	Zanr'ak (x19, y23)
MRD	milkroot-cluster.png	48	Milkroot Cluster	5	East Shroud	Sylphlands (x23, y16)
MRD	4th-cohort-secutor.png	49	4th Cohort Secutor	5	Western Thanalan	Cape Westwind (x10, y6)
MRD	2nd-cohort-laquearius.png	50	2nd Cohort Laquearius	5	Eastern La Noscea	Agelyss Wyse (x28, y21)
ORD	amalj-aa-javelinier.png	1	Amalj'aa Javelinier	3	Eastern Thanalan	Sandgate (x19, y27)
ORD	heckler-imp.png	2	Heckler Imp	5	Halatali
ORD	scythe-mantis.png	3	Scythe Mantis	5	Halatali
ORD	coliseum-python.png	4	Coliseum Python	5	Halatali
ORD	sylvan-scream.png	5	Sylvan Scream	3	East Shroud	The Bramble Patch (x19, y21)
ORD	kobold-pickman.png	6	Kobold Pickman	3	Upper La Noscea	Oakwood (x13, y22)
ORD	amalj-aa-bruiser.png	7	Amalj'aa Bruiser	3	Southern Thanalan	Broken Water (x21, y14)
ORD	ixali-deftalon.png	8	Ixali Deftalon	3	North Shroud	Alder Springs (x22, y28)
ORD	amalj-aa-ranger.png	9	Amalj'aa Ranger	3	Eastern Thanalan	Wellwick Wood (x24, y20)
ORD	ixali-fearcaller.png	10	Ixali Fearcaller	1	Coerthas Central Highlands	Dragonhead (x31, y28)
ORD	amalj-aa-sniper.png	11	Amalj'aa Sniper	3	Southern Thanalan	Sagolii Desert (x24, y34)
ORD	kobold-missionary.png	12	Kobold Missionary	3	Eastern La Noscea	Bloodshore (x28, y26)
ORD	kobold-sidesman.png	13	Kobold Sidesman	3	Upper La Noscea	Bronze Lake (x26, y19)
ORD	temple-bee.png	14	Temple Bee	4	The Sunken Temple of Qarn
ORD	temple-guardian.png	15	Temple Guardian	1	The Sunken Temple of Qarn
ORD	kobold-roundsman.png	16	Kobold Roundsman	3	Outer La Noscea	Iron Lake (x22, y14)
ORD	sylvan-snarl.png	17	Sylvan Snarl	3	East Shroud	Larkscall (x23, y20)
ORD	shelfclaw-sahagin.png	18	Shelfclaw Sahagin	3	Western La Noscea	Halfstone (x18, y21)
ORD	amalj-aa-lancer.png	19	Amalj'aa Lancer	3	Southern Thanalan	Zanr'ak (x22, y16)
ORD	u-ghamaro-roundsman.png	20	U'Ghamaro Roundsman	3	Outer La Noscea	U'Ghamaro Mines (x23, y9)
ORD	ixali-windtalon.png	21	Ixali Windtalon	3	North Shroud	Proud Creek (x20, y20)
ORD	sylpheed-snarl.png	22	Sylpheed Snarl	3	East Shroud	Sylphlands (x27, y18)
ORD	u-ghamaro-quarryman.png	23	U'Ghamaro Quarryman	3	Outer La Noscea	U'Ghamaro Mines (x23, y8)
ORD	sapsa-shelftooth.png	24	Sapsa Shelftooth	3	Western La Noscea	Sapsa Spawning Grounds (x17, y15) (x15, y15)
ORD	zahar-ak-pugilist.png	25	Zahar'ak Pugilist	3	Southern Thanalan	(x28, y20)
ORD	natalan-swiftbeak.png	26	Natalan Swiftbeak	4	Coerthas Central Highlands	(x31, y17)
ORD	natalan-boldwing.png	27	Natalan Boldwing	5	Coerthas Central Highlands	(x31, y17)
ORD	tonberry.png	28	Tonberry	7	The Wanderer's Palace
ORD	bronze-beetle.png	29	Bronze Beetle	6	The Wanderer's Palace
ORD	keeper-of-halidom.png	30	Keeper Of Halidom	1	The Wanderer's Palace
PGL	huge-hornet.png	1	Huge Hornet	4	Central Thanalan	(x21, y26)
PGL	star-marmot.png	2	Star Marmot	4	Central Thanalan	(x20, y27)
PGL	cactuar.png	3	Cactuar	4	Western Thanalan	(x27, y24)
PGL	snapping-shrew.png	4	Snapping Shrew	4	Central Thanalan	(x23, y27)
PGL	orobon.png	5	Orobon	4	Central Thanalan	(x21, y24)
PGL	nesting-buzzard.png	6	Nesting Buzzard	4	Western Thanalan	(x21, y25)
PGL	spriggan-graverobber.png	7	Spriggan Graverobber	4	Central Thanalan	(x17, y23)
PGL	goblin-mugger.png	8	Goblin Mugger	4	Western Thanalan	(x18, y26)
PGL	sandtoad.png	9	Sandtoad	4	Western Thanalan	(x22, y22)
PGL	eft.png	10.1	Eft	2	Central Thanalan	(x23, y18)
PGL	sun-midge-swarm.png	10.2	Sun Midge Swarm	2	Western Thanalan	(x17, y15)
PGL	desert-peiste.png	10.3	Desert Peiste	2	Western Thanalan	(x24, y20)
PGL	bomb.png	11	Bomb	4	Western Thanalan	(x27, y16)
PGL	cochineal-cactuar.png	12	Cochineal Cactuar	4	Central Thanalan	(x25, y21)
PGL	antling-sentry.png	13	Antling Sentry	4	Central Thanalan	(x16, y14)
PGL	giant-tortoise.png	14	Giant Tortoise	4	Western Thanalan	(x28, y25)
PGL	arbor-buzzard.png	15.1	Arbor Buzzard	2	Western Thanalan	(x17, y16)
PGL	scaphite.png	15.2	Scaphite	2	Western Thanalan	(x17, y14)
PGL	thickshell.png	15.3	Thickshell	2	Western Thanalan	(x16, y16)
PGL	tuco-tuco.png	16	Tuco-tuco	4	Eastern Thanalan	(x15, y20)
PGL	myotragus-nanny.png	17	Myotragus Nanny	4	Eastern Thanalan	(x18, y22)
PGL	blowfly-swarm.png	18	Blowfly Swarm	4	Eastern Thanalan	(x11, y22)
PGL	vandalous-imp.png	19	Vandalous Imp	4	Eastern Thanalan	(x14, y18)
PGL	bloated-bogy.png	20.1	Bloated Bogy	2	Western Thanalan	(x13, y11)
PGL	rotting-corpse.png	20.2	Rotting Corpse	2	Eastern Thanalan	(x15, y16)
PGL	rotting-noble.png	20.3	Rotting Noble	2	Eastern Thanalan	(x15, y16)
PGL	overgrown-ivy.png	21	Overgrown Ivy	5	East Shroud	(x23, y29)
PGL	smallmouth-orobon.png	22	Smallmouth Orobon	5	South Shroud	(x16, y18)
PGL	forest-yarzon.png	23	Forest Yarzon	5	Upper La Noscea	(x11, y21)
PGL	coeurl-pup.png	24	Coeurl Pup	5	Upper La Noscea	(x9, y20)
PGL	shroud-hare.png	25.1	Shroud Hare	3	North Shroud	(x21, y30), (x17, y27)
PGL	bark-eft.png	25.2	Bark Eft	3	South Shroud	(x17, y24)
PGL	fallen-mage.png	25.3	Fallen Mage	3	Southern Thanalan	(x19, y17)
PGL	ziz.png	26	Ziz	5	North Shroud	(x16, y27)
PGL	corpse-brigade-knuckledancer.png	27	Corpse Brigade Knuckledancer	5	Southern Thanalan	(x24, y9)
PGL	clay-golem.png	28	Clay Golem	5	North Shroud	(x16, y29)
PGL	coeurlclaw-hunter.png	29	Coeurlclaw Hunter	5	South Shroud	(x28, y22)
PGL	lindwurm.png	30.1	Lindwurm	3	Central Shroud	(x13, y19)
PGL	bigmouth-orobon.png	30.2	Bigmouth Orobon	3	South Shroud	(x18, y30)
PGL	apkallu.png	30.3	Apkallu	3	Eastern La Noscea	(x28, y35)
PGL	mamool-ja-breeder.png	31	Mamool Ja Breeder	5	Upper La Noscea	(x33, y25)
PGL	russet-yarzon.png	32	Russet Yarzon	5	Southern Thanalan	(x14, y32)
PGL	smoke-bomb.png	33	Smoke Bomb	5	Southern Thanalan	(x19, y34)
PGL	death-gaze.png	34	Death Gaze	5	Central Shroud	(x17, y22)
PGL	jungle-coeurl.png	35.1	Jungle Coeurl	3	Eastern La Noscea	(x17, y28)
PGL	goobbue.png	35.2	Goobbue	3	Eastern La Noscea	(x17, y31)
PGL	basalt-golem.png	35.3	Basalt Golem	3	Outer La Noscea	(x13, y15)
PGL	velociraptor.png	36	Velociraptor	5	Outer La Noscea	(x19, y15)
PGL	highland-goobbue.png	37	Highland Goobbue	5	Coerthas Central Highlands	(x23, y29)
PGL	feral-croc.png	38	Feral Croc	5	Coerthas Central Highlands	(x25, y20)
PGL	redhorn-ogre.png	39	Redhorn Ogre	5	Coerthas Central Highlands	(x26, y12)
PGL	ochu.png	40.1	Ochu	3	East Shroud	(x26, y21)
PGL	molted-ziz.png	40.2	Molted Ziz	3	East Shroud	(x25, y24)
PGL	snowstorm-goobbue.png	40.3	Snowstorm Goobbue	3	Coerthas Central Highlands	(x24, y17)
PGL	quartz-doblyn.png	41	Quartz Doblyn	6	Eastern Thanalan	(x31, y26)
PGL	dead-man-s-moan.png	42	Dead Man's Moan	6	Western La Noscea	The Isles of Umbra (x15, y35)
PGL	3rd-cohort-signifer.png	43	3rd Cohort Signifer	2	East Shroud	(x32, y20) Lvl 44
PGL	wild-hog.png	44	Wild Hog	6	South Shroud	(x29, y24)
PGL	raging-harrier.png	45.1	Raging Harrier	3	Mor Dhona	(x16, y15)
PGL	biast.png	45.2	Biast	3	Coerthas Central Highlands	(x11, y29)
PGL	gigas-shramana.png	45.3	Gigas Shramana	3	Mor Dhona	(x27, y11)
PGL	snow-wolf.png	46	Snow Wolf	6	Coerthas Central Highlands	(x16, y32)
PGL	5th-cohort-hoplomachus.png	47	5th Cohort Hoplomachus	6	Mor Dhona	Fogfens (x12, y12)
PGL	dreamtoad.png	48	Dreamtoad	6	East Shroud	(x26, y18)
PGL	hapalit.png	49	Hapalit	6	Mor Dhona	(x31, y5)
PGL	zahar-ak-battle-drake.png	50.1	Zahar'ak Battle Drake	3	Southern Thanalan	(x29, y19)
PGL	basilisk.png	50.2	Basilisk	3	Northern Thanalan	(x22, y24)
PGL	shelfclaw-reaver.png	50.3	Shelfclaw Reaver	4	Western La Noscea	(x13, y16)
ROG	wharf-rat.png	1	Wharf Rat	3	Middle La Noscea	(x21, y23)
ROG	lost-lamb.png	2	Lost Lamb	3	Middle La Noscea	Zephyr Drift (x23, y24)
ROG	aurelia.png	3	Aurelia	3	Lower La Noscea	(x24, y26)
ROG	wild-dodo.png	4	Wild Dodo	3	Lower La Noscea	(x29, y19)
ROG	pugil.png	5.1	Pugil	3	Middle La Noscea	Summerford (x20, y22)
ROG	goblin-fisher.png	5.2	Goblin Fisher	1	Middle La Noscea	Summerford (x23, y21)
ROG	tiny-mandragora.png	6	Tiny Mandragora	3	Middle La Noscea	(x22, y18)
ROG	cave-bat.png	7	Cave Bat	3	Lower La Noscea	Cedarwood (x25, y15)
ROG	galago.png	8	Galago	3	Lower La Noscea	Cedarwood (x29, y14)
ROG	grounded-pirate.png	9.1	Grounded Pirate	1	Middle La Noscea	Summerford (x20, y16)
ROG	grounded-raider.png	9.2	Grounded Raider	1	Middle La Noscea	Summerford (x20, y17)
ROG	megalocrab.png	10	Megalocrab	3	Middle La Noscea	(x14, y13)
ROG	wild-jackal.png	11	Wild Jackal	3	Western La Noscea	(x34, y28)
ROG	roseling.png	12.1	Roseling	1	Western La Noscea	Quarterstone (x34, y30)
ROG	sewer-mole.png	12.2	Sewer Mole	2	Western La Noscea	Quarterstone (x33, y28)
ROG	fat-dodo.png	13	Fat Dodo	3	Western La Noscea	(x32, y27)
ROG	moraby-mole.png	14	Moraby Mole	3	Lower La Noscea	(x21, y34)
ROG	qiqirn-eggdigger.png	15	Qiqirn Eggdigger	3	Lower La Noscea	(x18, y35)
ROG	puk-hatchling.png	16	Puk Hatchling	3	Western La Noscea	Skull Valley (x28, y22)
ROG	rothlyt-pelican.png	17	Rothlyt Pelican	3	Western La Noscea	(x24, y22)
ROG	killer-mantis.png	18.1	Killer Mantis	2	Western La Noscea	(x21, y22)
ROG	hedgemole.png	18.2	Hedgemole	1	Western La Noscea	(x26, y23)
ROG	wild-wolf.png	19	Wild Wolf	3	Upper La Noscea	(x13, y26)
ROG	bumble-beetle.png	20	Bumble Beetle	3	Upper La Noscea	Poor Maid's Mill (x12, y23)
ROG	black-bat.png	21	Black Bat	3	East Shroud	(x17, y22)
ROG	gall-gnat.png	22	Gall Gnat	3	East Shroud	(x22, y30)
ROG	overgrown-ivy.png	23	Overgrown Ivy	3	East Shroud	(x22, y29)
ROG	bark-eft.png	24	Bark Eft	3	South Shroud	(x18, y24)
ROG	redbelly-lookout.png	25.1	Redbelly Lookout	2	South Shroud	(x23, y18)
ROG	redbelly-larcener.png	25.2	Redbelly Larcener	2	South Shroud	(x23, y18)
ROG	antelope-stag.png	26	Antelope Stag	3	South Shroud	(x26, y20)
ROG	river-yarzon.png	27	River Yarzon	3	South Shroud	(x23, y22)
ROG	corpse-brigade-knuckledancer.png	28.1	Corpse Brigade Knuckledancer	2	Southern Thanalan	(x24, y11)
ROG	corpse-brigade-firedancer.png	28.2	Corpse Brigade Firedancer	2	Southern Thanalan	(x24, y11)
ROG	coeurlclaw-hunter.png	29.1	Coeurlclaw Hunter	2	South Shroud	(x28, y21)
ROG	coeurlclaw-cutter.png	29.2	Coeurlclaw Cutter	2	South Shroud	(x28, y21)
ROG	sandstone-golem.png	30	Sandstone Golem	3	Southern Thanalan	(x22, y12)
ROG	large-buffalo.png	31	Large Buffalo	3	Eastern La Noscea	(x28, y30)
ROG	grass-raptor.png	32	Grass Raptor	3	Eastern La Noscea	(x16, y25)
ROG	qiqirn-gullroaster.png	33.1	Qiqirn Gullroaster	2	Eastern La Noscea	(x27, y33)
ROG	colibri.png	33.2	Colibri	2	Eastern La Noscea	(x31, y24)
ROG	coeurl.png	34.1	Coeurl	1	Outer La Noscea	(x14, y14)
ROG	highland-condor.png	34.2	Highland Condor	2	Outer La Noscea	(x15, y17)
ROG	basalt-golem.png	35	Basalt Golem	3	Outer La Noscea	(x13, y15)
ROG	velociraptor.png	36	Velociraptor	4	Outer La Noscea	(x19, y15)
ROG	feral-croc.png	37.1	Feral Croc	2	Coerthas Central Highlands	(x25, y20)
ROG	highland-goobbue.png	37.2	Highland Goobbue	2	Coerthas Central Highlands	(x25, y20)
ROG	redhorn-ogre.png	38	Redhorn Ogre	3	Coerthas Central Highlands	(x26, y12)
ROG	taurus.png	39	Taurus	3	Coerthas Central Highlands	(x32, y12)
ROG	bateleur.png	40.1	Bateleur	2	Coerthas Central Highlands	(x16, y19)
ROG	chinchilla.png	40.2	Chinchilla	2	Coerthas Central Highlands	(x16, y19)
ROG	golden-fleece.png	41	Golden Fleece	4	Eastern Thanalan	(x26, y25)
ROG	quartz-doblyn.png	42	Quartz Doblyn	4	Eastern Thanalan	(x30, y25)
ROG	nix.png	43	Nix	4	Mor Dhona	(x19, y9)
ROG	mudpuppy.png	44	Mudpuppy	5	Mor Dhona	(x13, y11)
ROG	daring-harrier.png	45.1	Daring Harrier	2	Mor Dhona	(x16, y15)
ROG	raging-harrier.png	45.2	Raging Harrier	2	Mor Dhona	(x16, y15)
ROG	gigas-shramana.png	46.1	Gigas Shramana	2	Mor Dhona	(x27, y11)
ROG	gigas-sozu.png	46.2	Gigas Sozu	2	Mor Dhona	(x27, y11)
ROG	hippogryph.png	47	Hippogryph	4	Mor Dhona	(x27, y8)
ROG	hapalit.png	48	Hapalit	4	Mor Dhona	(x31, y5)
ROG	2nd-cohort-eques.png	49.1	2nd Cohort Eques	2	Eastern La Noscea	(x29, y20)
ROG	2nd-cohort-signifer.png	49.2	2nd Cohort Signifer	2	Eastern La Noscea	(x29, y20)
ROG	2nd-cohort-secutors.png	50.1	2nd Cohort Secutors	2	Eastern La Noscea	(x30, y19)
ROG	2nd-cohort-vanguard.png	50.2	2nd Cohort Vanguard	2	Eastern La Noscea	(x30, y19)
THM	little-ladybug.png	1	Little Ladybug	3	Western Thanalan	(x28, y24)
THM	huge-hornet.png	2	Huge Hornet	3	Central Thanalan	(x22, y27)
THM	cactuar.png	3	Cactuar	3	Western Thanalan	(x27, y24)
THM	snapping-shrew.png	4	Snapping Shrew	3	Central Thanalan	(x24, y30)
THM	syrphid-cloud.png	5	Syrphid Cloud	3	Central Thanalan	(x18, y21)
THM	yarzon-feeder.png	6	Yarzon Feeder	3	Western Thanalan	(x24, y27)
THM	rusty-coblyn.png	7	Rusty Coblyn	3	Western Thanalan	(x20, y28)
THM	spriggan-graverobber.png	8	Spriggan Graverobber	3	Central Thanalan	(x18, y23)
THM	qiqirn-shellsweeper.png	9	Qiqirn Shellsweeper	3	Central Thanalan	(x17, y19)
THM	sun-bat.png	10	Sun Bat	3	Central Thanalan	(x26, y18)
THM	copper-coblyn.png	11.1	Copper Coblyn	2	Western Thanalan	(x27, y16)
THM	bomb.png	11.2	Bomb	3	Western Thanalan	(x27, y16)
THM	cochineal-cactuar.png	12.1	Cochineal Cactuar	3	Central Thanalan	(x23, y19)
THM	quiveron-attendant.png	12.2	Quiveron Attendant	2	Central Thanalan	(x23, y20)
THM	giant-tortoise.png	13.1	Giant Tortoise	2	Western Thanalan	(x21, y26), (x24, y26)
THM	antling-sentry.png	13.2	Antling Sentry	3	Central Thanalan	(x19.1, y16.5)
THM	thickshell.png	14	Thickshell	3	Western Thanalan	(x16, y16)
THM	toxic-toad.png	15	Toxic Toad	3	Central Thanalan	(x27, y18)
THM	tuco-tuco.png	16	Tuco-tuco	3	Eastern Thanalan	(x15, y24)
THM	myotragus-nanny.png	17	Myotragus Nanny	3	Eastern Thanalan	(x18, y22)
THM	blowfly-swarm.png	18	Blowfly Swarm	3	Eastern Thanalan	(x12, y21)
THM	rotting-corpse.png	19	Rotting Corpse	3	Eastern Thanalan	(x15, y16)
THM	bloated-bogy.png	20	Bloated Bogy	3	Western Thanalan	(x13, y11)
THM	kedtrap.png	21.1	Kedtrap	2	South Shroud	Upper Paths (x21, y20)
THM	overgrown-ivy.png	21.2	Overgrown Ivy	4	East Shroud	Nine Ivies (x23, y29)
THM	yarzon-scavenger.png	22.1	Yarzon Scavenger	2	Western Thanalan	Cape Westwind (x15, y8)
THM	forest-yarzon.png	22.2	Forest Yarzon	4	Upper La Noscea	Oakwood (x11, y21)
THM	laughing-toad.png	23.1	Laughing Toad	4	Western Thanalan	The Footfalls (x15, y7)
THM	bark-eft.png	23.2	Bark Eft	2	South Shroud	Upper Paths (x17, y24)
THM	jumping-djigga.png	24.1	Jumping Djigga	4	East Shroud	The Bramble Patch (x15, y21)
THM	glowfly.png	24.2	Glowfly	2	East Shroud	The Bramble Patch (x15, y21)
THM	river-yarzon.png	25	River Yarzon	4	South Shroud	Silent Arbor (x23, y22)
THM	potter-wasp-swarm.png	26	Potter Wasp Swarm	4	Southern Thanalan	(x20, y16), (x21, y12), (x20, y9)
THM	phurble.png	27	Phurble	4	Eastern Thanalan	Wellwick Wood (x23, y20)(x24, y22)
THM	corpse-brigade-knuckledancer.png	28	Corpse Brigade Knuckledancer	4	Southern Thanalan	Broken Water (x24, y9)
THM	fire-sprite.png	29	Fire Sprite	4	Southern Thanalan	The Red Labyrinth (x13, y20)
THM	stroper.png	30	Stroper	4	Central Shroud	Sorrel Haven (x12, y21)
THM	adamantoise.png	31.1	Adamantoise	2	South Shroud	(x16, y30)
THM	mamool-ja-executioner.png	31.2	Mamool Ja Executioner	1	Upper La Noscea	(x27, y23), (x28, y21)
THM	revenant.png	32.1	Revenant	2	Central Shroud	(x12, y20)
THM	russet-yarzon.png	32.2	Russet Yarzon	5	Southern Thanalan	(x14, y32)
THM	smoke-bomb.png	33.1	Smoke Bomb	5	Southern Thanalan	(x19, y35)
THM	dung-midge-swarm.png	33.2	Dung Midge Swarm	2	Eastern La Noscea	(x18, y28)
THM	gigantoad.png	34.1	Gigantoad	5	Eastern La Noscea	(x18, y26)
THM	spriggan.png	34.2	Spriggan	2	Central Shroud	(x11, y16)
THM	salamander.png	35	Salamander	5	Upper La Noscea	(x28, y24)
THM	plasmoid.png	36	Plasmoid	5	Outer La Noscea	(x25, y18)
THM	ice-sprite.png	37	Ice Sprite	5	Coerthas Central Highlands	(x20, y31)
THM	feral-croc.png	38	Feral Croc	5	Coerthas Central Highlands	(x26, y24)
THM	will-o-the-wisp.png	39	Will-o'-the-wisp	5	South Shroud	(x23, y24)
THM	golden-fleece.png	40	Golden Fleece	5	Eastern Thanalan	(x27, y24)
THM	oldgrowth-treant.png	41.1	Oldgrowth Treant	2	East Shroud	(x25, y20)
THM	dragonfly.png	41.2	Dragonfly	6	Coerthas Central Highlands	(x9, y14)
THM	crater-golem.png	42.1	Crater Golem	1	Central Shroud	(x10, y16)
THM	dead-man-s-moan.png	42.2	Dead Man's Moan	6	Western La Noscea	(x15, y34)
THM	3rd-cohort-secutor.png	43.1	3rd Cohort Secutor	2	East Shroud	(x32, y20)
THM	morbol.png	43.2	Morbol	6	East Shroud	(x23, y21)
THM	nix.png	44.1	Nix	5	Mor Dhona	(x19, y9)
THM	lesser-kalong.png	44.2	Lesser Kalong	2	South Shroud	(x28, y22)
THM	gigas-sozu.png	45.1	Gigas Sozu	2	Mor Dhona	(x29, y14)
THM	giant-logger.png	45.2	Giant Logger	3	Coerthas Central Highlands	(x13, y26)
THM	iron-tortoise.png	46	Iron Tortoise	6	Southern Thanalan	(x19, y23)
THM	synthetic-doblyn.png	47	Synthetic Doblyn	6	Outer La Noscea	(x23, y8)
THM	ked.png	48	Ked	6	South Shroud	(x32, y24)
THM	4th-cohort-hoplomachus.png	49	4th Cohort Hoplomachus	6	Western Thanalan	(x12, y7)
THM	2nd-cohort-signifer.png	50	2nd Cohort Signifer	6	Eastern La Noscea	(x27, y21)